Name,Phone,Address,Website,Email
Ginosko Electric Inc | Electrician California City,+1 661-558-6243,Not available,ginoskoelectric.com,
Household Electric Inc.,+1 559-240-4499,Not available,householdelectricca.com,Email not found
Cali Coast Electric,+1 951-233-4113,Not available,calicoastelectric.com,cody@calicoastelectric.com
California Best Electricians,+1 650-563-5786,Not available,Not available,Not available
So Cal Pacific Electrical & Lighting,+1 909-997-4636,Not available,socalpacificelectrical.com,andrew@pac-electrical.com
California Wide Electric Services Inc.,+1 844-225-9433,"7157 Old 215 Frontage Rd, Moreno Valley, CA 92553, United States",Not available,Not available
The Electric Company,+1 209-396-4715,Not available,theelectricco.net,Email not found
CA Electrical Group,+1 669-260-0712,Not available,caelectricalgroup.com,Email not found
Visalia Electric,+1 559-799-5511,Not available,Not available,Not available
O'Brien Electric LLC,+1 559-362-9806,Not available,obrienelectric.solutions,obrienelect@gmail.com
The Electric Connection,+1 818-446-0888,Not available,theelectricconnection.com,Email not found
Energy Source Electric,+1 661-365-7093,Not available,Not available,Not available
Johnny Electric,+1 949-784-2318,Not available,johnnyelectric.com,johnnyelectric@cox.net
Mike's Electric,+1 562-726-5490,Not available,mikeelectricservices.com,mikeramoselectric01@gmail.com
OC Electric,+1 714-592-9112,Not available,electricaloc.com,ruben@electricaloc.com
Schematic Electric LLC,+1 760-377-9007,Not available,schematicelectricllc.com,Email not found
Campanella Electric Inc.,+1 559-760-6715,Not available,campanellaelectric.com,Email not found
The Electric Connection,+1 213-401-2334,Not available,theelectricconnection.com,Email not found
Selsor Electric,+1 559-385-3147,Not available,selsorelectric.com,fresnowhf@gmail.com
Right Method Electric llc,+1 559-318-5900,Not available,rightmethodelectric.com,Email not found
Reyff Electric,+1 707-421-2481,Not available,reyffelectricinc.com,Email not found
Zamora's & Sons Electric Inc.,+1 559-623-4136,Not available,zamorasandsonselectric.com,zamorasandsonselectric@gmail.com
L T Electric,+1 559-298-3808,Not available,ltelectric.co,Email not found
Able Electric,+1 559-259-9986,"2086 E Decatur Ave, Fresno, CA 93720, United States",Not available,Not available
Electrical Power Source,+1 559-268-2861,"5796 S Elm Ave, Fresno, CA 93706, United States",electricalpowersourceinc.com,Email not found
Northwestern Electric Inc.,+1 559-642-4300,Not available,northwesternelectric.net,Email not found
Alpha Omega Electric Inc,+1 805-315-4778,Not available,alpha-omega-electric.com,
Santiago Electric Inc,+1 209-985-8888,Not available,santiagoelectricinc.com,info@santiagoelectricinc.com
Alpha Omega Electric,+1 916-531-6398,Not available,aoelectricsac.com,aoelectricsac@gmail.com
395 Electric,+1 714-876-7023,Not available,Not available,Not available
FRZ Electrical Inc,+1 559-960-0414,Not available,frzelectricalinc.com,Email not found
TRULL ELECTRIC INC,+1 559-924-1004,"720 Seville Ct, Lemoore, CA 93245, United States",trullelectric.com,trullelectric@trullelectric.com
Four Ace Electrical Services Corporation,+1 916-419-4626,"3723 Far Niente Way, Sacramento, CA 95834, United States",fouraceelectrical.com,
CZ Electric Licensed Electrical Contractor,+1 714-264-3206,"180 N Rose Blossom Ln, Anaheim, CA 92807, United States",czelectric.com,Email not found
All Lights Electrical Service,+1 951-351-2020,Not available,alllightselectricalservice.com,AllLightsElectricalService@Gmail.com?subject=Hello%20I%20would%20like%20to%20Schedule%20a%20Consultation.&body=Hello%20Charles%2C%0AIs%20there%20any%20time%20in%20the%20near%20future%20we%20can%20get%20you%20to%20come%20out%20and%20survey%20our%20property%20to%20get%20some%20work%20done%20in%20the%20near%20future%3F%20Let%20me%20know.%0A%0AKind%20Regards%2C%0AName%3A%0AEmail%3A%0APhone%3A%0AAddress%3A
Central Alameda Electrician,Not available,Not available,Not available,Not available
Geiger Electric,+1 559-302-9517,Not available,electriciansvisalia.com,privacy@web.com
LA-Electrician.com,+1 844-804-8844,Not available,la-electrician.com,Email not found
Nickell Electrical Construction,+1 661-525-8576,Not available,nickellelectricca.com,Email not found
Back On Electricians,+1 213-808-6074,Not available,Not available,Not available
Royal Electric Company,+1 916-226-2100,"8481 Carbide Ct, Sacramento, CA 95828, United States",royalelect.com,
Marcos Electric,+1 626-426-2003,"20110 87th St, California City, CA 93505, United States",forms.gle,
Electrician Oakland CA,+1 510-369-4395,Not available,electricianoaklandca.org,
Golden State Electrician,+1 916-549-4864,Not available,Not available,Not available
AAA Electric,+1 415-570-1014,Not available,aas-electric-co.business.site,
Herzog Brothers Electric Inc,+1 559-712-1211,Not available,herzog-brothers.com,Dustin@herzog-brothers.com
Daylight Electric Inc.,+1 323-655-5252,"5951 W 3rd St, Los Angeles, CA 90036, United States",daylightelectric.com,Email not found
Los Angeles Electrician Â®,+1 213-319-6036,Not available,Not available,Not available
"Positive Electricians, Inc.",+1 844-411-0240,Not available,positivelectricians.com,Email not found
F Hernandez Electric,+1 559-356-1779,Not available,f-helectric.com,info@f-helectric.com
"Precision Electric ELC, Inc.",+1 559-967-2365,"6335 W Perez Ave, Visalia, CA 93291, United States",precisionelectricelc.com,Email not found
Arc Light Electric Inc.,+1 346-488-3465,Not available,Not available,Not available
"Collins Electrical Company, Inc.",+1 209-466-3691,"3412 Metro Dr, Stockton, CA 95215, United States",collinselectric.com,electrician@collinselectric.com
CenBay Electric,+1 669-333-4726,Not available,cenbayelectric.com,richard@cenbayelectric.com
JNR Electric,+1 559-824-0770,Not available,sites.google.com,Email not found
Cal Valley Electric Inc,+1 559-577-4018,Not available,Not available,Not available
"Electrician for Hire, Inc",+1 760-272-6115,Not available,electrician4hire.net,rick@electrician4hire.net
Electricians Los Angeles,+1 747-205-1256,Not available,electrician---losangeles.com,info@electrician---losangeles.com
Reliable Electrician Company,+1 408-850-0832,"6254 Santa Teresa Blvd, San Jose, CA 95119, United States",Not available,Not available
My Irvine Electrician Hero,+1 949-518-1694,Not available,myirvineelectricianhero.com,Email not found
Huerta's Electric,+1 559-244-9698,Not available,Not available,Not available
Zoom Electricians,+1 805-953-7395,Not available,zoomelectricians.com,Email not found
Electricians Los Angeles,+1 888-702-2554,"4001 Wilshire Blvd, Los Angeles, CA 90010, United States",electriciansla.com,info@electriciansla.com
Double J Electric Inc.,+1 209-534-1038,Not available,doublejelectricinc.com,Email not found
"Cal Paso Electric, Inc.",+1 805-238-2119,"721 Paso Robles St, Paso Robles, CA 93446, United States",calpasoelectric.com,Email not found
A-C Electric Co,+1 559-732-4733,"1035 W Murray Ave, Visalia, CA 93291, United States",a-celectric.com,Email not found
Reliable Ricks Handyman Services,+1 559-967-8078,Not available,Not available,Not available
A-C Electric,+1 559-233-2208,"2560 S East Ave, Fresno, CA 93706, United States",a-celectric.com,Email not found
Advanced Electric Services Inc,+1 559-825-6639,Not available,advancedelectricservices.com,contact@yourgroovydomain.com
Electrician Services Corp,+1 714-987-2368,"615 Pepperwood Dr, Brea, CA 92821, United States",airconditioningservicesoc.com,Email not found
Izzy's Electric,+1 559-859-5348,Not available,Not available,Not available
911 Plumbing & Electric INC,+1 559-960-1922,"6371 N Milburn Ave, Fresno, CA 93722, United States",911plumbingelectric.com,support@911plumbingelectric.com
"Pure Energy Electrical Contractor, Electrical Repair Service, Residential Electrician Atascadero CA",+1 805-265-4101,Not available,pureenergy-ca.com,
Cali-Co Electrical Contractors,+1 626-263-0560,Not available,cali-coservices.com,info@cali-coservices.com
"Powercal Electric, Inc.",+1 559-900-5559,Not available,powercalelectricinc.com,Email not found
California Electrical Services,+1 818-241-1800,"5924 San Fernando Rd, Glendale, CA 91202, United States",california-electrical.com,Email not found
Clovis Electric,+1 559-285-2402,"966 Greenfield Ave, Clovis, CA 93611, United States",cloviselectricinc.com,richardsellsbythesea@gmail.com
my OAKLAND ELECTRICIAN,+1 510-842-0144,"1714 Franklin St, Oakland, CA 94612, United States",myoaklandelectrician.com,
California Power & Light,+1 408-406-5832,Not available,cplelectric.com,
Socal Competitive Electric Inc,+1 951-232-9959,Not available,competitiveelectric.net,Email not found
"Silverfox Electric, Inc.",+1 559-903-1000,Not available,silverfoxelectric.com,Email not found
SoCal Electrical,+1 800-486-8409,"14025 Bergen Ave, Bellflower, CA 90706, United States",socal-electrical.com,
All In One Electric,+1 310-299-7265,Not available,allinone.la,info@allinone.la
Apex Electric,+1 559-741-5333,"712 W Pine St, Exeter, CA 93221, United States",Not available,Not available
"All Wire Electric, Inc.",+1 559-823-5552,Not available,allwireinc.com,Email not found
"Wild Electric, Inc.",+1 559-251-7770,"4626 E Olive Ave, Fresno, CA 93702, United States",wildelectric.com,
Martin Electrical & Lighting Inc.,+1 559-681-0011,Not available,martinelectrical.org,Email not found
A Custom Electric,+1 323-655-1829,Not available,acustomelectric.com,Email not found
Herring Electric,+1 559-365-2897,"1116 Arroyo Ave, Clovis, CA 93611, United States",herringelectricca.com,Mdherring69@gmail.com
Santa Rosa Electricians,+1 707-387-1888,"947 Yuba Dr, Santa Rosa, CA 95407, United States",santarosaelectricians.com,Email not found
Lovelock Electric,+1 559-273-0922,Not available,Not available,Not available
First Choice Electricians,+1 323-924-3273,"314 Omar St, Los Angeles, CA 90013, United States",Not available,Not available
"Westech Systems, LLC",+1 559-455-1720,"827 Jefferson Ave, Clovis, CA 93612, United States",westechsys.com,jvizcarra@westechsys.com
Sierra Electric,+1 559-575-5958,"28483 Hidden Hollow Ln, Tollhouse, CA 93667, United States",Not available,Not available
Electrician Near Me Los Angeles,+1 323-985-7977,"1065 Gayley Ave, Los Angeles, CA 90024, United States",Not available,Not available
Southern California Electric,+1 657-206-1993,Not available,scelectricservices.com,
SLS Electric,+1 559-758-2932,Not available,slselectricinc.com,Email not found
Direct Source Electric - OC Residential Commercial Industrial Electrician Contractor,+1 877-282-1616,Not available,directsourceelectric.com,Email not found
Orange County Electrician,+1 949-200-8905,Not available,orangecountyelectrician.us,sam@smartpowerelectric.com
E Electric,+1 559-430-9793,Not available,Not available,Not available
Hodges Electric Inc.,+1 559-298-5533,"1239 Hoblitt Ave, Clovis, CA 93612, United States",hodgesinc.com,Email not found
Electricians Service Team,+1 800-568-8664,"1950 San Vicente Blvd, Los Angeles, CA 90049, United States",electriciansserviceteam.com,info@electriciansserviceteam.com
All-Electric California,+1 415-430-7817,"590 Greenwich St, San Francisco, CA 94133, United States",allelectriccalifornia.com,allelectriccalifornia@gmail.com
Potential Electric,+1 559-682-7990,Not available,Not available,Not available
Power Design Electric Inc.,+1 559-897-2599,Not available,powerdesignelectric.net,Email not found
Industrial Electrical Co,+1 559-296-7297,"2516 N Sunnyside Ave, Fresno, CA 93727, United States",industrialelectricalco.com,Email not found
Brentwood Electrical Contractors,+1 310-935-0674,"2129 Pontius Ave, Los Angeles, CA 90025, United States",brentwoodelectrical.com,Email not found
California Power & Light,+1 408-776-3835,Not available,cplelectric.com,
Reen Electric,+1 559-901-1656,Not available,reenelectric.com,reenelectric2010@gmail.com
Harris Electric Inc,+1 559-271-0970,"4679 N El Capitan Ave, Fresno, CA 93722, United States",Not available,Not available
Egli Electric,+1 559-206-6962,Not available,eglielectric.net,Email not found
Sequoia Electric,+1 559-269-2166,Not available,Not available,Not available
